{"cameraMode":{"drawMode":0,"name":"Shaded","section":"Shading Mode"},"sceneLighting":true,"audioPlay":false,"sceneViewState":{"showFog":true,"showMaterialUpdate":false,"showSkybox":true,"showFlares":true,"showImageEffects":true,"showParticleSystems":true},"in2DMode":false,"pivot":{"x":3.4572219848632814,"y":61.63756561279297,"z":353.83831787109377},"rotation":{"x":-0.03749248757958412,"y":0.9618281126022339,"z":-0.17235128581523896,"w":-0.20923231542110444},"size":324.0380859375,"orthographic":false}